timestamp,position,frequency_hz,regime,geometry,state,keyword,i_ching_hex,i_ching_name,coherence_pct,focus_pct,meditation_pct,delta_pct,theta_pct,alpha_pct,beta_pct,gamma_pct,heart_rate_bpm,fnirs_LI_hbo,fnirs_LI_hbr,fnirs_LI_sqi,fnirs_RI_hbo,fnirs_RI_hbr,fnirs_RI_sqi,fnirs_LO_hbo,fnirs_LO_hbr,fnirs_LO_sqi,fnirs_RO_hbo,fnirs_RO_hbr,fnirs_RO_sqi,fnirs_index,fnirs_settledness,dwell_sec,advanced_by
2026-07-02T16:02:43.823Z,17,2907,HEART,"Lissajous","CREATIVE FLOW",Creation,49,"Revolution",34,65,53,55,21,7,10,6,96,,,,,,,,,,,,,,,6,
2026-07-02T16:03:13.822Z,16,2664,HEART,"Merkaba","TRANSMUTATION",Beyond,50,"The Caldron",32,98,14,5,6,8,50,31,90,0.1559,-0.0879,0.981,0.1237,-0.0867,0.995,0.0180,-0.0478,0.711,0.0189,-0.0384,0.929,0.087997,1,36,
2026-07-02T16:03:43.818Z,17,2907,HEART,"Lissajous","CREATIVE FLOW",Creation,49,"Revolution",35,98,13,7,6,6,46,35,78,-0.0353,0.0209,0.977,-0.0272,0.0191,0.953,-0.0052,0.0094,0.986,-0.0062,0.0082,0.958,0.008802,0,66,
2026-07-02T16:04:13.817Z,17,2907,HEART,"Lissajous","CREATIVE FLOW",Creation,49,"Revolution",32,98,14,10,6,7,38,38,83,0.1205,-0.0819,0.951,0.0984,-0.0734,0.975,0.0188,-0.0407,0.986,0.0152,-0.0340,0.504,0.030464,0.47,96,
2026-07-02T16:04:43.819Z,17,2907,HEART,"Lissajous","CREATIVE FLOW",Creation,49,"Revolution",32,98,23,9,11,10,36,33,86,-0.0376,0.0069,0.971,-0.0316,0.0273,0.984,-0.0033,-0.0046,0.818,-0.0047,0.0233,0.82,0.024634,0.284,2,
2026-07-02T16:05:13.818Z,17,2907,HEART,"Lissajous","CREATIVE FLOW",Creation,49,"Revolution",32,74,48,20,29,11,24,15,91,0.4448,-0.2709,0.996,0.3598,-0.2651,1,0.0573,-0.1020,0.993,0.0602,-0.0763,0.997,0.162382,1,22,
2026-07-02T16:05:43.817Z,15,2421,HEART,"Rose Curve","EMOTIONAL RELEASE",Release,23,"Splitting Apart",27,83,23,21,11,7,37,23,85,0.1748,-0.0950,0.987,0.1612,-0.1212,0.998,0.0337,-0.0556,0.94,0.0385,-0.0920,0.947,0.08839,1,52,
2026-07-02T16:06:13.818Z,16,2664,HEART,"Merkaba","TRANSMUTATION",Beyond,50,"The Caldron",30,98,16,9,8,6,51,26,81,-0.1367,0.0817,0.986,-0.0991,0.0761,0.994,-0.0177,0.0376,0.996,-0.0138,0.0353,0.997,0.069967,1,82,
2026-07-02T16:06:43.824Z,17,2907,HEART,"Lissajous","CREATIVE FLOW",Creation,49,"Revolution",34,62,29,30,15,6,30,19,86,0.0126,-0.0152,0.973,-0.0014,0.0075,0.984,0.0014,-0.0117,0.809,-0.0001,0.0228,0.607,0.021367,0.18,12,
2026-07-02T16:07:13.823Z,17,2907,HEART,"Lissajous","CREATIVE FLOW",Creation,49,"Revolution",34,76,29,13,17,8,37,24,83,-0.0488,0.0375,0.596,-0.0382,0.0225,0.859,-0.0075,0.0340,0.884,-0.0072,0.0284,-0.445,0.023749,0.256,10,
2026-07-02T16:07:43.822Z,16,2664,HEART,"Merkaba","TRANSMUTATION",Beyond,50,"The Caldron",31,85,21,17,13,4,35,30,85,0.0397,-0.0145,0.97,0.0310,-0.0256,1,0.0031,-0.0049,0.906,0.0038,-0.0344,0.928,0.035442,0.629,6,
2026-07-02T16:08:13.821Z,16,2664,HEART,"Merkaba","TRANSMUTATION",Beyond,50,"The Caldron",31,75,26,28,13,6,33,20,85,0.0204,-0.0135,0.992,0.0102,-0.0080,1,0.0021,-0.0051,0.994,0.0022,-0.0039,0.993,0.008885,0,4,
2026-07-02T16:08:43.821Z,17,2907,HEART,"Lissajous","CREATIVE FLOW",Creation,49,"Revolution",31,95,15,14,7,6,36,37,85,0.0726,-0.0610,0.876,0.0590,-0.0393,0.999,0.0115,-0.0366,0.983,0.0081,-0.0082,0.551,0.034678,0.604,2,
2026-07-02T16:09:13.819Z,17,2907,HEART,"Lissajous","CREATIVE FLOW",Creation,49,"Revolution",32,67,47,70,11,7,6,5,87,-0.0227,0.0116,0.999,-0.0228,0.0165,0.994,-0.0030,0.0064,0.995,-0.0041,0.0120,0.992,0.035568,0.633,10,
2026-07-02T16:09:43.818Z,16,2664,HEART,"Merkaba","TRANSMUTATION",Beyond,50,"The Caldron",36,78,26,23,14,6,34,23,99,0.0616,-0.0393,1,0.0488,-0.0308,1,0.0092,-0.0221,0.999,0.0113,0.0011,0.969,0.055727,1,2,
2026-07-02T16:10:13.818Z,16,2664,HEART,"Merkaba","TRANSMUTATION",Beyond,50,"The Caldron",33,64,62,59,23,8,5,4,82,-0.1167,0.0643,1,-0.0967,0.0657,1,-0.0156,0.0380,1,-0.0159,0.0381,0.999,0.039322,0.752,10,
2026-07-02T16:10:43.821Z,17,2907,HEART,"Lissajous","CREATIVE FLOW",Creation,49,"Revolution",33,69,41,37,18,10,20,15,80,-0.0493,0.0296,0.997,-0.0406,0.0303,1,-0.0068,0.0178,1,-0.0052,0.0198,0.989,0.032749,0.543,2,
2026-07-02T16:11:13.821Z,16,2664,HEART,"Merkaba","TRANSMUTATION",Beyond,50,"The Caldron",31,71,27,38,8,9,33,12,80,0.0505,-0.0135,0.996,0.0520,-0.0409,0.998,0.0063,0.0041,0.901,0.0108,-0.0297,0.993,0.016201,0.016,10,
2026-07-02T16:11:43.818Z,17,2907,HEART,"Lissajous","CREATIVE FLOW",Creation,49,"Revolution",31,72,37,15,22,8,46,9,84,0.0828,-0.0323,0.996,0.0660,-0.0388,0.998,0.0101,-0.0219,0.98,0.0118,-0.0431,0.999,0.049018,1,6,
2026-07-02T16:12:13.827Z,19,3504,HEAD,"Chladni Star","FOCUSED ATTENTION",Focus,21,"Biting Through",33,69,43,23,17,18,32,10,80,-0.0603,0.0326,0.999,-0.0465,0.0324,1,-0.0071,0.0214,0.976,-0.0062,0.0168,0.994,0.06286,1,2,
2026-07-02T16:12:43.822Z,17,2907,HEART,"Lissajous","CREATIVE FLOW",Creation,49,"Revolution",33,66,42,25,18,15,30,12,78,-0.1922,0.0975,0.998,-0.1505,0.1069,1,-0.0260,0.0524,0.955,-0.0325,0.0605,0.993,0.107965,1,8,
2026-07-02T16:13:13.825Z,17,2907,HEART,"Lissajous","CREATIVE FLOW",Creation,49,"Revolution",35,73,12,21,8,2,18,51,85,0.0964,-0.1138,0.877,-0.0258,0.0191,0.999,0.0368,-0.1391,0.546,0.0142,-0.0002,0.943,0.109672,1,6,
2026-07-02T16:13:43.826Z,16,2664,HEART,"Merkaba","TRANSMUTATION",Beyond,50,"The Caldron",30,74,24,30,12,6,30,23,85,0.0150,-0.0545,0.944,0.0062,-0.0267,0.996,0.0116,-0.0621,0.982,0.0070,-0.0216,0.998,0.125962,1,10,
2026-07-02T16:14:13.817Z,18,3150,HEART,"Penrose Tiling","RENEWAL",Renewal,46,"Pushing Upward",34,86,26,19,11,9,46,14,82,-0.0383,0.0256,0.966,-0.0287,0.0228,0.991,-0.0055,0.0165,0.978,-0.0059,0.0109,0.941,0.014494,0,6,
2026-07-02T16:14:43.822Z,17,2907,HEART,"Lissajous","CREATIVE FLOW",Creation,49,"Revolution",32,69,29,40,9,10,28,13,80,0.0433,-0.0164,0.983,0.0308,-0.0197,0.989,0.0031,-0.0108,0.906,0.0054,-0.0157,0.8,0.025465,0.311,4,
2026-07-02T16:15:13.822Z,17,2907,HEART,"Lissajous","CREATIVE FLOW",Creation,49,"Revolution",33,82,22,26,9,8,45,13,78,-0.0405,0.0229,0.995,-0.0312,0.0198,0.988,-0.0060,0.0119,0.996,-0.0058,0.0109,0.987,0.005602,0,10,
2026-07-02T16:15:43.824Z,16,2664,HEART,"Merkaba","TRANSMUTATION",Beyond,50,"The Caldron",33,66,30,25,14,10,19,31,80,0.1074,-0.0591,0.978,0.0751,-0.0477,0.999,0.0098,-0.0291,0.876,0.0082,-0.0254,0.961,0.065927,1,2,
2026-07-02T16:16:13.827Z,16,2664,HEART,"Merkaba","TRANSMUTATION",Beyond,50,"The Caldron",30,73,36,33,17,8,26,15,77,0.0633,-0.0560,0.99,0.0533,-0.0465,0.998,0.0152,-0.0379,0.992,0.0134,-0.0230,0.994,0.03418,0.588,8,
2026-07-02T16:16:43.818Z,18,3150,HEART,"Penrose Tiling","RENEWAL",Renewal,46,"Pushing Upward",32,64,41,21,24,9,33,14,75,-0.0582,0.0322,1,-0.0454,0.0292,0.999,-0.0071,0.0205,1,-0.0083,0.0201,0.998,0.028332,0.402,6,
2026-07-02T16:17:13.817Z,17,2907,HEART,"Lissajous","CREATIVE FLOW",Creation,49,"Revolution",32,65,34,26,16,11,29,18,74,0.0405,-0.0191,0.997,0.0298,-0.0220,0.986,0.0033,-0.0135,0.882,0.0049,-0.0054,0.786,0.045184,0.939,12,
2026-07-02T16:17:43.827Z,18,3150,HEART,"Penrose Tiling","RENEWAL",Renewal,46,"Pushing Upward",34,73,55,18,35,12,25,10,75,-0.1257,0.0574,0.981,-0.0925,0.0601,0.997,-0.0122,0.0284,0.997,-0.0164,0.0394,0.998,0.078517,1,10,
2026-07-02T16:18:13.819Z,20,3858,HEAD,"Wave Function","RECEPTIVE STATE",Receiving,48,"The Well",36,93,59,9,29,26,30,5,74,0.1543,-0.0896,0.998,0.1181,-0.0899,1,0.0195,-0.0465,0.997,0.0231,-0.0376,0.975,0.073324,1,8,
2026-07-02T16:18:43.822Z,18,3150,HEART,"Penrose Tiling","RENEWAL",Renewal,46,"Pushing Upward",33,87,32,21,9,18,38,15,69,-0.1583,0.0850,0.995,-0.1205,0.0808,0.997,-0.0184,0.0487,0.99,-0.0212,0.0516,0.997,0.091821,1,6,
2026-07-02T16:19:13.818Z,18,3150,HEART,"Penrose Tiling","RENEWAL",Renewal,46,"Pushing Upward",31,65,39,26,17,13,32,12,71,-0.0868,0.0671,0.985,-0.0678,0.0583,0.97,-0.0158,0.0315,0.844,-0.0139,0.0246,0.86,0.026378,0.34,4,
2026-07-02T16:19:43.818Z,17,2907,HEART,"Lissajous","CREATIVE FLOW",Creation,49,"Revolution",32,70,43,14,25,11,43,7,69,0.0294,-0.0203,0.999,0.0284,-0.0206,0.998,0.0026,-0.0072,0.999,0.0060,-0.0056,0.986,0.01895,0.103,12,
2026-07-02T16:20:13.822Z,16,2664,HEART,"Merkaba","TRANSMUTATION",Beyond,50,"The Caldron",31,76,25,28,11,7,35,18,70,0.0750,-0.0425,0.958,0.0593,-0.0432,0.999,0.0103,-0.0284,0.864,0.0101,-0.0326,0.978,0.066916,1,10,
2026-07-02T16:20:43.818Z,21,4212,HEAD,"Antenna Array","FIELD BROADCAST",Sending,58,"The Joyous",34,92,60,14,20,36,23,7,65,-0.3344,0.2163,0.999,-0.2635,0.1947,1,-0.0434,0.1312,0.969,-0.0433,0.1386,0.939,0.152985,1,4,
2026-07-02T16:21:13.818Z,18,3150,HEART,"Penrose Tiling","RENEWAL",Renewal,46,"Pushing Upward",33,77,24,27,11,7,34,20,64,-0.1458,0.0928,0.997,-0.1183,0.0849,0.999,-0.0165,0.0638,0.921,-0.0184,0.0694,0.9,0.064568,1,2,
2026-07-02T16:21:43.821Z,19,3504,HEAD,"Chladni Star","FOCUSED ATTENTION",Focus,21,"Biting Through",33,80,29,21,15,9,36,19,66,0.0269,-0.0239,0.998,0.0213,-0.0184,1,0.0086,0.0095,0.897,0.0085,0.0241,0.841,0.012775,0,8,
2026-07-02T16:22:13.825Z,16,2664,HEART,"Merkaba","TRANSMUTATION",Beyond,50,"The Caldron",30,65,32,25,18,7,35,16,65,0.0409,-0.0319,0.999,0.0308,-0.0245,1,0.0066,-0.0157,0.972,0.0063,-0.0156,0.944,0.042867,0.865,4,
2026-07-02T16:22:43.825Z,18,3150,HEART,"Penrose Tiling","RENEWAL",Renewal,46,"Pushing Upward",35,76,41,13,19,16,39,12,64,0.0337,-0.0247,0.994,0.0214,-0.0149,0.999,0.0061,-0.0056,0.947,0.0041,-0.0025,0.957,0.016428,0.023,12,
2026-07-02T16:23:13.822Z,16,2664,HEART,"Merkaba","TRANSMUTATION",Beyond,50,"The Caldron",31,82,27,22,12,9,39,18,66,0.1500,-0.1005,0.98,0.1098,-0.0780,0.999,0.0221,-0.0430,0.664,0.0219,-0.0326,0.692,0.084315,1,10,
2026-07-02T16:23:43.819Z,18,3150,HEART,"Penrose Tiling","RENEWAL",Renewal,46,"Pushing Upward",34,62,39,31,16,12,31,10,65,-0.0300,0.0228,0.997,-0.0206,0.0155,0.998,-0.0049,0.0125,0.976,-0.0032,0.0076,0.957,0.02329,0.242,8,
2026-07-02T16:24:13.817Z,16,2664,HEART,"Merkaba","TRANSMUTATION",Beyond,50,"The Caldron",31,73,28,36,7,12,30,14,66,0.0325,-0.0188,0.973,0.0252,-0.0184,1,0.0018,-0.0193,0.973,0.0019,-0.0280,0.913,0.024987,0.296,4,
2026-07-02T16:24:43.824Z,19,3504,HEAD,"Chladni Star","FOCUSED ATTENTION",Focus,21,"Biting Through",35,90,36,18,10,22,38,13,68,0.1252,-0.0845,0.997,0.0902,-0.0628,0.997,0.0174,-0.0346,0.978,0.0177,-0.0206,0.893,0.037241,0.686,4,
2026-07-02T16:25:13.820Z,17,2907,HEART,"Lissajous","CREATIVE FLOW",Creation,49,"Revolution",33,80,39,23,14,18,31,14,69,0.0896,-0.0546,0.998,0.0720,-0.0464,0.999,0.0111,-0.0293,0.93,0.0124,-0.0272,0.872,0.034964,0.613,8,
2026-07-02T16:25:43.820Z,17,2907,HEART,"Lissajous","CREATIVE FLOW",Creation,49,"Revolution",32,74,28,34,9,11,33,13,68,0.0525,-0.0278,0.998,0.0434,-0.0332,0.999,0.0034,-0.0235,0.98,0.0065,-0.0276,0.954,0.044712,0.924,8,
2026-07-02T16:26:13.819Z,19,3504,HEAD,"Chladni Star","FOCUSED ATTENTION",Focus,21,"Biting Through",35,69,57,39,18,23,12,9,66,0.0607,-0.0747,0.982,0.0569,-0.0678,0.985,0.0006,-0.0036,0.927,-0.0011,-0.0027,0.951,0.038547,0,3,
2026-07-02T16:26:43.818Z,19,3504,HEAD,"Chladni Star","FOCUSED ATTENTION",Focus,21,"Biting Through",34,66,41,43,11,15,24,7,66,-0.0821,0.0560,0.983,-0.0612,0.0434,1,-0.0095,0.0342,0.735,-0.0102,0.0249,0.838,0.059485,0.06,11,
2026-07-02T16:27:13.821Z,20,3858,HEAD,"Wave Function","RECEPTIVE STATE",Receiving,48,"The Well",36,69,47,40,17,15,18,10,68,-0.0314,0.0170,0.971,-0.0242,0.0173,0.987,-0.0031,0.0023,0.889,-0.0045,-0.0017,0.463,0.002088,0,5,
2026-07-02T16:27:43.819Z,20,3858,HEAD,"Wave Function","RECEPTIVE STATE",Receiving,48,"The Well",34,83,57,22,20,28,26,4,66,0.0343,-0.0174,1,0.0331,-0.0227,1,0.0046,-0.0071,0.969,0.0069,-0.0124,0.859,0.013086,0,7,
2026-07-02T16:28:13.817Z,20,3858,HEAD,"Wave Function","RECEPTIVE STATE",Receiving,48,"The Well",37,63,51,26,21,19,25,8,69,0.0178,-0.0064,0.902,0.0124,-0.0073,0.979,0.0028,-0.0054,-0.623,0.0028,-0.0042,0.214,0.007127,0,3,
2026-07-02T16:28:43.818Z,21,4212,HEAD,"Antenna Array","FIELD BROADCAST",Sending,58,"The Joyous",38,70,60,28,18,30,18,5,65,-0.0524,0.0512,0.983,-0.0261,0.0196,0.999,-0.0111,0.0149,0.741,-0.0047,-0.0001,0.879,0.008944,0,9,
2026-07-02T16:29:13.817Z,21,4212,HEAD,"Antenna Array","FIELD BROADCAST",Sending,58,"The Joyous",37,75,33,34,8,17,26,15,71,0.0681,-0.0592,0.935,0.0431,-0.0325,0.997,0.0153,-0.0187,0.649,0.0107,0.0018,0.576,0.01704,0,7,
2026-07-02T16:29:43.818Z,21,4212,HEAD,"Antenna Array","FIELD BROADCAST",Sending,58,"The Joyous",36,74,40,32,17,13,26,13,68,0.0693,-0.0480,0.996,0.0498,-0.0353,0.999,0.0110,-0.0126,0.213,0.0116,0.0008,-0.055,0.020076,0,7,
2026-07-02T16:30:13.817Z,19,3504,HEAD,"Chladni Star","FOCUSED ATTENTION",Focus,21,"Biting Through",36,72,52,30,29,10,21,10,67,0.0432,-0.0249,1,0.0384,-0.0256,1,0.0080,-0.0028,0.629,0.0094,-0.0134,0.865,0.005426,0,5,
2026-07-02T16:30:43.818Z,20,3858,HEAD,"Wave Function","RECEPTIVE STATE",Receiving,48,"The Well",36,98,37,11,11,21,53,3,69,-0.0717,0.0578,1,-0.0570,0.0438,1,-0.0125,0.0233,0.556,-0.0113,0.0190,0.497,0.035981,0,7,
2026-07-02T16:31:13.818Z,20,3858,HEAD,"Wave Function","RECEPTIVE STATE",Receiving,48,"The Well",38,76,50,32,12,25,28,3,69,0.0182,-0.0124,1,0.0180,-0.0154,0.999,-0.0018,-0.0175,0.96,-0.0003,-0.0157,0.922,0.030988,0,9,
2026-07-02T16:31:43.818Z,20,3858,HEAD,"Wave Function","RECEPTIVE STATE",Receiving,48,"The Well",37,63,35,29,16,9,34,12,69,0.0070,-0.0030,0.998,0.0029,-0.0001,1,0.0006,-0.0021,0.978,0.0013,-0.0019,-0.98,0.011936,0,1,
2026-07-02T16:32:13.820Z,22,4566,HEAD,"Harmonic Web","COLLECTIVE HARMONY",Collective,45,"Gathering Together",39,65,63,61,17,14,6,2,69,0.0297,-0.0144,0.999,0.0209,-0.0131,0.999,0.0025,-0.0056,0.978,0.0034,-0.0055,0.986,0.014905,0,7,
2026-07-02T16:32:43.820Z,21,4212,HEAD,"Antenna Array","FIELD BROADCAST",Sending,58,"The Joyous",37,81,58,34,11,34,18,4,68,0.0081,-0.0042,0.975,-0.0001,0.0015,0.988,0.0007,-0.0055,0.821,0.0009,-0.0030,0.946,0.008606,0,13,
2026-07-02T16:33:13.819Z,20,3858,HEAD,"Wave Function","RECEPTIVE STATE",Receiving,48,"The Well",39,69,56,29,18,26,20,7,68,-0.0183,0.0117,0.999,-0.0016,-0.0029,0.999,-0.0042,-0.0044,0.821,-0.0022,-0.0123,0.858,0.012857,0,7,
2026-07-02T16:33:43.818Z,20,3858,HEAD,"Wave Function","RECEPTIVE STATE",Receiving,48,"The Well",38,63,67,36,20,30,13,2,67,0.0392,-0.0183,0.957,0.0308,-0.0178,0.976,0.0037,-0.0117,0.908,0.0050,-0.0131,0.272,0.024001,0,11,
2026-07-02T16:34:13.818Z,18,3150,HEART,"Penrose Tiling","RENEWAL",Renewal,46,"Pushing Upward",35,70,59,27,19,30,17,8,71,-0.0547,0.0334,0.997,-0.0374,0.0213,0.995,-0.0121,-0.0019,0.801,-0.0119,-0.0033,0.724,0.019873,0,7,
2026-07-02T16:34:43.818Z,20,3858,HEAD,"Wave Function","RECEPTIVE STATE",Receiving,48,"The Well",39,65,39,43,13,11,23,10,66,-0.0945,0.0528,0.997,-0.0793,0.0512,0.99,-0.0110,0.0203,0.826,-0.0146,0.0153,0.56,0.043049,0,5,
2026-07-02T16:35:13.817Z,20,3858,HEAD,"Wave Function","RECEPTIVE STATE",Receiving,48,"The Well",36,73,72,33,31,26,8,3,72,-0.0246,0.0040,0.993,-0.0131,0.0029,0.999,-0.0030,-0.0071,0.886,-0.0033,-0.0023,0.861,0.018238,0,9,
2026-07-02T16:35:43.819Z,19,3504,HEAD,"Chladni Star","FOCUSED ATTENTION",Focus,21,"Biting Through",36,67,48,69,12,8,8,4,72,0.0982,-0.0547,0.999,0.0824,-0.0573,0.99,0.0064,-0.0426,0.748,0.0102,-0.0449,0.679,0.061092,0.075,3,
2026-07-02T16:36:13.818Z,20,3858,HEAD,"Wave Function","RECEPTIVE STATE",Receiving,48,"The Well",37,67,65,47,18,24,8,3,70,0.0224,-0.0208,0.978,-0.0027,0.0062,0.996,0.0084,0.0034,0.822,0.0025,0.0137,0.612,0.022533,0,11,
2026-07-02T16:36:43.820Z,20,3858,HEAD,"Wave Function","RECEPTIVE STATE",Receiving,48,"The Well",37,69,51,38,18,18,18,8,70,0.0383,-0.0211,0.562,0.0182,-0.0093,0.97,0.0044,-0.0131,0.161,0.0032,-0.0084,0.357,0.011245,0,7,
2026-07-02T16:37:13.821Z,19,3504,HEAD,"Chladni Star","FOCUSED ATTENTION",Focus,21,"Biting Through",38,71,43,56,7,16,18,4,70,-0.0327,0.0036,0.89,-0.0490,0.0338,0.986,0.0004,0.0045,0.989,-0.0070,0.0185,0.827,0.017124,0,11,
2026-07-02T16:37:43.818Z,19,3504,HEAD,"Chladni Star","FOCUSED ATTENTION",Focus,21,"Biting Through",36,67,59,48,16,20,12,3,68,0.0241,-0.0088,0.985,0.0037,0.0060,0.958,0.0040,0.0013,0.447,0.0016,0.0031,0.814,0.005934,0,15,
2026-07-02T16:38:13.817Z,20,3858,HEAD,"Wave Function","RECEPTIVE STATE",Receiving,48,"The Well",38,65,49,22,22,17,33,6,69,0.0088,-0.0109,0.997,0.0075,-0.0084,0.99,0.0021,-0.0007,-0.087,0.0012,0.0033,-0.046,0.010399,0,13,
2026-07-02T16:38:43.817Z,19,3504,HEAD,"Chladni Star","FOCUSED ATTENTION",Focus,21,"Biting Through",37,64,55,58,22,6,7,6,68,-0.0404,0.0329,0.998,-0.0235,0.0157,1,-0.0072,0.0139,0.686,-0.0050,0.0029,0.43,0.018411,0,11,
2026-07-02T16:39:13.817Z,20,3858,HEAD,"Wave Function","RECEPTIVE STATE",Receiving,48,"The Well",38,64,60,54,26,7,10,4,70,-0.0274,0.0140,1,-0.0287,0.0210,0.998,-0.0036,-0.0027,0.961,-0.0061,0.0055,0.953,0.00515,0,13,
2026-07-02T16:39:43.818Z,20,3858,HEAD,"Wave Function","RECEPTIVE STATE",Receiving,48,"The Well",39,65,59,54,20,13,9,4,68,-0.0301,0.0242,0.997,-0.0091,0.0066,0.981,-0.0064,0.0045,0.93,-0.0031,-0.0054,0.936,0.008438,0,3,
2026-07-02T16:40:13.817Z,19,3504,HEAD,"Chladni Star","FOCUSED ATTENTION",Focus,21,"Biting Through",37,65,61,50,25,10,13,2,68,-0.0630,0.0358,0.999,-0.0307,0.0135,0.994,-0.0111,0.0041,0.597,-0.0071,-0.0054,0.718,0.022432,0,1,
2026-07-02T16:40:43.819Z,19,3504,HEAD,"Chladni Star","FOCUSED ATTENTION",Focus,21,"Biting Through",38,68,60,47,16,22,14,2,69,0.0135,-0.0090,0.97,0.0104,-0.0090,0.993,0.0011,-0.0021,0.941,0.0013,-0.0020,0.694,0.010704,0,3,
2026-07-02T16:41:13.818Z,19,3504,HEAD,"Chladni Star","FOCUSED ATTENTION",Focus,21,"Biting Through",38,67,54,43,21,14,15,7,69,0.0406,-0.0220,0.926,0.0374,-0.0253,0.95,0.0045,-0.0069,-0.371,0.0063,-0.0073,-0.135,0.021885,0,9,
2026-07-02T16:41:43.820Z,20,3858,HEAD,"Wave Function","RECEPTIVE STATE",Receiving,48,"The Well",38,80,56,36,10,32,19,4,69,-0.0254,0.0235,1,-0.0065,0.0030,0.999,-0.0066,0.0023,0.556,-0.0024,-0.0046,0.674,0.009857,0,17,
2026-07-02T16:42:13.818Z,18,3150,HEART,"Penrose Tiling","RENEWAL",Renewal,46,"Pushing Upward",38,70,59,58,11,21,6,4,69,-0.0015,-0.0053,0.918,-0.0111,0.0041,0.972,-0.0014,-0.0119,-0.132,-0.0035,-0.0037,0.383,0.022488,0,15,
2026-07-02T16:42:43.818Z,20,3858,HEAD,"Wave Function","RECEPTIVE STATE",Receiving,48,"The Well",38,70,46,53,14,11,18,4,67,0.0372,-0.0195,-0.451,0.0222,-0.0110,0.94,0.0036,-0.0167,-0.893,0.0041,-0.0102,-0.118,0.012602,0,17,
2026-07-02T16:43:13.819Z,19,3504,HEAD,"Chladni Star","FOCUSED ATTENTION",Focus,21,"Biting Through",39,65,71,40,38,12,7,4,70,0.0126,-0.0032,0.981,0.0087,-0.0013,0.992,0.0013,-0.0018,0.655,0.0018,-0.0023,0.969,0.005562,0,47,
2026-07-02T16:43:43.818Z,19,3504,HEAD,"Chladni Star","FOCUSED ATTENTION",Focus,21,"Biting Through",39,66,60,55,16,17,8,3,71,0.0253,-0.0114,0.94,0.0206,-0.0133,0.981,0.0027,-0.0047,0.96,0.0042,-0.0019,0.637,0.014042,0,5,
2026-07-02T16:44:13.817Z,19,3504,HEAD,"Chladni Star","FOCUSED ATTENTION",Focus,21,"Biting Through",38,67,51,48,17,14,14,7,69,0.0262,-0.0194,0.993,0.0132,-0.0098,0.999,0.0038,-0.0093,0.892,0.0023,-0.0042,0.964,0.014061,0,15,
2026-07-02T16:44:43.819Z,19,3504,HEAD,"Chladni Star","FOCUSED ATTENTION",Focus,21,"Biting Through",38,68,55,43,17,19,18,3,69,0.0520,-0.0278,0.897,0.0522,-0.0397,0.971,0.0045,-0.0206,-0.513,0.0079,-0.0257,-0.16,0.032942,0,1,
2026-07-02T16:45:13.817Z,20,3858,HEAD,"Wave Function","RECEPTIVE STATE",Receiving,48,"The Well",39,67,51,70,14,6,6,3,68,0.0212,-0.0082,0.973,0.0068,0.0017,0.92,0.0040,0.0022,0.389,0.0032,0.0073,0.67,0.012065,0,15,
2026-07-02T16:45:43.818Z,17,2907,HEART,"Lissajous","CREATIVE FLOW",Creation,49,"Revolution",36,64,53,64,16,8,6,5,68,0.0119,-0.0149,0.978,0.0089,-0.0115,0.998,0.0028,-0.0068,0.667,0.0017,-0.0025,0.61,0.015828,0,13,
2026-07-02T16:46:13.818Z,19,3504,HEAD,"Chladni Star","FOCUSED ATTENTION",Focus,21,"Biting Through",38,70,53,52,15,16,13,4,67,-0.0198,0.0086,0.999,-0.0217,0.0125,1,-0.0019,0.0037,0.999,-0.0033,0.0042,0.965,0.020545,0,3,
2026-07-02T16:46:43.818Z,22,4566,HEAD,"Harmonic Web","COLLECTIVE HARMONY",Collective,45,"Gathering Together",40,68,61,37,25,19,16,4,74,0.0865,-0.0657,0.996,0.0502,-0.0302,0.969,0.0160,-0.0287,0.995,0.0111,-0.0101,0.792,0.015535,0,5,
2026-07-02T16:47:13.817Z,19,3504,HEAD,"Chladni Star","FOCUSED ATTENTION",Focus,21,"Biting Through",40,66,47,53,17,9,14,7,64,0.0650,-0.0268,0.957,0.0491,-0.0246,0.942,0.0094,0.0002,-0.508,0.0115,-0.0056,-0.156,0.040171,0,35,
2026-07-02T16:47:43.819Z,21,4212,HEAD,"Antenna Array","FIELD BROADCAST",Sending,58,"The Joyous",38,71,44,50,10,17,12,11,64,0.0030,-0.0069,0.991,0.0014,-0.0068,0.957,-0.0008,-0.0066,0.632,-0.0008,-0.0026,0.12,0.010777,0,15,
2026-07-02T16:48:13.819Z,19,3504,HEAD,"Chladni Star","FOCUSED ATTENTION",Focus,21,"Biting Through",38,66,55,39,30,7,17,7,68,-0.0199,0.0034,0.997,-0.0267,0.0213,0.997,0.0017,0.0064,0.844,-0.0024,0.0171,0.821,0.020199,0,7,
2026-07-02T16:48:43.818Z,20,3858,HEAD,"Wave Function","RECEPTIVE STATE",Receiving,48,"The Well",38,68,51,65,12,11,8,4,65,-0.0673,0.0373,0.982,-0.0596,0.0381,0.984,-0.0086,0.0162,0.552,-0.0095,0.0173,0.718,0.038689,0,9,
2026-07-02T16:49:13.818Z,19,3504,HEAD,"Chladni Star","FOCUSED ATTENTION",Focus,21,"Biting Through",39,65,57,52,25,7,11,5,63,0.0082,-0.0114,0.655,0.0150,-0.0170,0.781,0.0020,-0.0035,0.366,0.0029,-0.0045,0.337,0.011588,0,23,
2026-07-02T16:49:43.817Z,20,3858,HEAD,"Wave Function","RECEPTIVE STATE",Receiving,48,"The Well",37,64,68,47,33,10,6,4,67,-0.0334,0.0107,0.997,-0.0288,0.0185,0.985,-0.0007,0.0122,0.173,-0.0024,0.0184,0.679,0.02762,0,5,
2026-07-02T16:50:13.817Z,18,3150,HEART,"Penrose Tiling","RENEWAL",Renewal,46,"Pushing Upward",35,70,45,60,7,16,13,4,68,0.0334,-0.0225,0.995,0.0282,-0.0220,0.952,0.0043,-0.0080,0.77,0.0048,-0.0083,0.633,0.021261,0,3,
2026-07-02T16:50:43.819Z,18,3150,HEART,"Penrose Tiling","RENEWAL",Renewal,46,"Pushing Upward",37,68,53,39,20,16,19,6,69,-0.0095,0.0063,0.962,-0.0029,0.0011,0.97,-0.0009,0.0051,0.319,0.0002,0.0033,0.338,0.008542,0,21,
2026-07-02T16:51:13.821Z,17,2907,HEART,"Lissajous","CREATIVE FLOW",Creation,49,"Revolution",36,65,58,51,22,12,11,5,69,-0.0707,0.0287,0.993,-0.0761,0.0498,0.994,-0.0042,0.0194,0.839,-0.0107,0.0346,0.84,0.028883,0,51,
2026-07-02T16:51:43.818Z,18,3150,HEART,"Penrose Tiling","RENEWAL",Renewal,46,"Pushing Upward",37,71,55,50,10,23,12,5,66,-0.0216,0.0100,0.935,-0.0102,-0.0003,0.968,-0.0043,0.0017,0.686,-0.0025,-0.0068,0.806,0.013167,0,19,
2026-07-02T16:52:13.817Z,18,3150,HEART,"Penrose Tiling","RENEWAL",Renewal,46,"Pushing Upward",35,66,47,80,10,4,4,2,65,-0.0529,0.0374,0.999,-0.0199,0.0064,0.994,-0.0142,-0.0007,0.377,-0.0091,-0.0143,0.262,0.013738,0,11,
2026-07-02T16:52:43.821Z,19,3504,HEAD,"Chladni Star","FOCUSED ATTENTION",Focus,21,"Biting Through",37,78,63,35,14,34,15,3,68,0.0195,-0.0172,0.999,0.0171,-0.0130,0.999,0.0033,-0.0090,0.882,0.0031,-0.0047,0.928,0.012372,0,11,
2026-07-02T16:53:13.821Z,18,3150,HEART,"Penrose Tiling","RENEWAL",Renewal,46,"Pushing Upward",37,68,60,45,19,20,14,3,67,-0.0254,0.0094,0.897,-0.0092,-0.0004,0.978,-0.0036,0.0051,0.504,-0.0024,-0.0001,0.559,0.004522,0,23,
2026-07-02T16:53:43.818Z,19,3504,HEAD,"Chladni Star","FOCUSED ATTENTION",Focus,21,"Biting Through",36,67,56,71,11,12,5,2,68,0.0166,0.0012,0.972,0.0134,-0.0063,1,-0.0008,-0.0026,0.947,0.0018,-0.0053,0.977,0.0074,0,11,
2026-07-02T16:54:13.818Z,18,3150,HEART,"Penrose Tiling","RENEWAL",Renewal,46,"Pushing Upward",38,85,62,29,11,40,16,5,69,-0.0240,0.0108,0.976,-0.0118,0.0021,0.969,-0.0062,-0.0072,0.698,-0.0062,-0.0082,0.509,0.012441,0,1,
2026-07-02T16:54:43.817Z,19,3504,HEAD,"Chladni Star","FOCUSED ATTENTION",Focus,21,"Biting Through",38,65,57,61,15,13,9,2,67,-0.0141,0.0180,0.953,-0.0159,0.0169,0.985,-0.0017,0.0152,0.657,-0.0010,0.0161,0.127,0.022866,0,31,
2026-07-02T16:55:13.817Z,19,3504,HEAD,"Chladni Star","FOCUSED ATTENTION",Focus,21,"Biting Through",40,66,45,79,6,8,5,1,70,0.0246,-0.0123,0.983,0.0181,-0.0121,1,0.0017,-0.0043,0.97,0.0020,-0.0042,0.871,0.014011,0,3,
2026-07-02T16:55:43.818Z,19,3504,HEAD,"Chladni Star","FOCUSED ATTENTION",Focus,21,"Biting Through",39,66,59,33,18,27,17,5,68,0.0301,-0.0111,1,0.0358,-0.0267,0.977,0.0003,-0.0090,0.701,0.0034,-0.0194,0.677,0.019155,0,7,